{
	"info": {
		"_postman_id": "0a4d2fc4-91bc-4fd0-95c9-959a0488b7d5",
		"name": "antenas",
		"schema": "https://schema.getpostman.com/json/collection/v2.1.0/collection.json"
	},
	"item": [
		{
			"name": "Tipo de antena",
			"item": [
				{
					"name": "Listar",
					"request": {
						"auth": {
							"type": "bearer",
							"bearer": [
								{
									"key": "token",
									"value": "{{TOKEN}}",
									"type": "string"
								}
							]
						},
						"method": "GET",
						"header": [],
						"url": {
							"raw": "{{URL}}/Aerial.php?filter=&sortOrder=asc&pageNumber=0&pageSize=25",
							"host": [
								"{{URL}}"
							],
							"path": [
								"Aerial.php"
							],
							"query": [
								{
									"key": "filter",
									"value": ""
								},
								{
									"key": "sortOrder",
									"value": "asc"
								},
								{
									"key": "pageNumber",
									"value": "0"
								},
								{
									"key": "pageSize",
									"value": "25"
								}
							]
						}
					},
					"response": []
				},
				{
					"name": "Consultar",
					"request": {
						"auth": {
							"type": "bearer",
							"bearer": [
								{
									"key": "token",
									"value": "{{TOKEN}}",
									"type": "string"
								}
							]
						},
						"method": "GET",
						"header": [],
						"url": {
							"raw": "{{URL}}/Aerial.php?id=1",
							"host": [
								"{{URL}}"
							],
							"path": [
								"Aerial.php"
							],
							"query": [
								{
									"key": "id",
									"value": "1"
								}
							]
						}
					},
					"response": []
				},
				{
					"name": "Actualizar",
					"request": {
						"auth": {
							"type": "bearer",
							"bearer": [
								{
									"key": "token",
									"value": "{{TOKEN}}",
									"type": "string"
								}
							]
						},
						"method": "PUT",
						"header": [],
						"body": {
							"mode": "raw",
							"raw": "{\r\n    \"id\": 2,\r\n    \"name\": \"prueba3\"\r\n}",
							"options": {
								"raw": {
									"language": "json"
								}
							}
						},
						"url": {
							"raw": "{{URL}}/Aerial.php",
							"host": [
								"{{URL}}"
							],
							"path": [
								"Aerial.php"
							]
						}
					},
					"response": []
				},
				{
					"name": "Eliminar",
					"request": {
						"auth": {
							"type": "bearer",
							"bearer": [
								{
									"key": "token",
									"value": "{{TOKEN}}",
									"type": "string"
								}
							]
						},
						"method": "DELETE",
						"header": [],
						"url": {
							"raw": "{{URL}}/Aerial.php?id=2",
							"host": [
								"{{URL}}"
							],
							"path": [
								"Aerial.php"
							],
							"query": [
								{
									"key": "id",
									"value": "2"
								}
							]
						}
					},
					"response": []
				},
				{
					"name": "Insertar",
					"request": {
						"auth": {
							"type": "bearer",
							"bearer": [
								{
									"key": "token",
									"value": "{{TOKEN}}",
									"type": "string"
								}
							]
						},
						"method": "POST",
						"header": [],
						"body": {
							"mode": "raw",
							"raw": "{\r\n    \"name\": \"Antena de prueba\"\r\n}",
							"options": {
								"raw": {
									"language": "json"
								}
							}
						},
						"url": {
							"raw": "{{URL}}/Aerial.php",
							"host": [
								"{{URL}}"
							],
							"path": [
								"Aerial.php"
							]
						}
					},
					"response": []
				}
			],
			"event": [
				{
					"listen": "prerequest",
					"script": {
						"id": "da430d56-8e04-429c-b935-9c4865726260",
						"type": "text/javascript",
						"exec": [
							""
						]
					}
				},
				{
					"listen": "test",
					"script": {
						"id": "fb541e4f-8a1f-4f53-a9d7-ad8247b13b52",
						"type": "text/javascript",
						"exec": [
							""
						]
					}
				}
			],
			"protocolProfileBehavior": {}
		},
		{
			"name": "Ciudad",
			"item": [
				{
					"name": "Listar",
					"request": {
						"auth": {
							"type": "bearer",
							"bearer": [
								{
									"key": "token",
									"value": "{{TOKEN}}",
									"type": "string"
								}
							]
						},
						"method": "GET",
						"header": [],
						"url": {
							"raw": "{{URL}}/City.php?filter=&sortOrder=asc&pageNumber=0&pageSize=25",
							"host": [
								"{{URL}}"
							],
							"path": [
								"City.php"
							],
							"query": [
								{
									"key": "filter",
									"value": ""
								},
								{
									"key": "sortOrder",
									"value": "asc"
								},
								{
									"key": "pageNumber",
									"value": "0"
								},
								{
									"key": "pageSize",
									"value": "25"
								}
							]
						}
					},
					"response": []
				},
				{
					"name": "Consultar",
					"request": {
						"auth": {
							"type": "bearer",
							"bearer": [
								{
									"key": "token",
									"value": "{{TOKEN}}",
									"type": "string"
								}
							]
						},
						"method": "GET",
						"header": [],
						"url": {
							"raw": "{{URL}}/City.php?id=2",
							"host": [
								"{{URL}}"
							],
							"path": [
								"City.php"
							],
							"query": [
								{
									"key": "id",
									"value": "2"
								}
							]
						}
					},
					"response": []
				},
				{
					"name": "Actualizar",
					"request": {
						"auth": {
							"type": "bearer",
							"bearer": [
								{
									"key": "token",
									"value": "{{TOKEN}}",
									"type": "string"
								}
							]
						},
						"method": "PUT",
						"header": [],
						"body": {
							"mode": "raw",
							"raw": "{\r\n    \"id\": 2,\r\n    \"name\": \"Ciudad de prueba\",\r\n    \"regional\": {\r\n        \"id\": 1,\r\n        \"name\": \"Norte\"\r\n    }\r\n}",
							"options": {
								"raw": {
									"language": "json"
								}
							}
						},
						"url": {
							"raw": "{{URL}}/City.php",
							"host": [
								"{{URL}}"
							],
							"path": [
								"City.php"
							]
						}
					},
					"response": []
				},
				{
					"name": "Eliminar",
					"request": {
						"auth": {
							"type": "bearer",
							"bearer": [
								{
									"key": "token",
									"value": "{{TOKEN}}",
									"type": "string"
								}
							]
						},
						"method": "DELETE",
						"header": [],
						"url": {
							"raw": "{{URL}}/City.php?id=3",
							"host": [
								"{{URL}}"
							],
							"path": [
								"City.php"
							],
							"query": [
								{
									"key": "id",
									"value": "3"
								}
							]
						}
					},
					"response": []
				},
				{
					"name": "Insertar",
					"request": {
						"auth": {
							"type": "bearer",
							"bearer": [
								{
									"key": "token",
									"value": "{{TOKEN}}",
									"type": "string"
								}
							]
						},
						"method": "POST",
						"header": [],
						"body": {
							"mode": "raw",
							"raw": "{\r\n    \"name\": \"Antena de prueba\",\r\n    \"regional\": {\r\n        \"id\": 1,\r\n        \"name\": \"Norte\"\r\n    }\r\n}",
							"options": {
								"raw": {
									"language": "json"
								}
							}
						},
						"url": {
							"raw": "{{URL}}/City.php",
							"host": [
								"{{URL}}"
							],
							"path": [
								"City.php"
							]
						}
					},
					"response": []
				}
			],
			"event": [
				{
					"listen": "prerequest",
					"script": {
						"id": "4b4d94fa-8c4c-46a5-a974-5172f43ba038",
						"type": "text/javascript",
						"exec": [
							""
						]
					}
				},
				{
					"listen": "test",
					"script": {
						"id": "9bed0f27-b064-465e-80f6-0a2d5e63d74b",
						"type": "text/javascript",
						"exec": [
							""
						]
					}
				}
			],
			"protocolProfileBehavior": {}
		},
		{
			"name": "Regional",
			"item": [
				{
					"name": "Listar",
					"request": {
						"auth": {
							"type": "bearer",
							"bearer": [
								{
									"key": "token",
									"value": "{{TOKEN}}",
									"type": "string"
								}
							]
						},
						"method": "GET",
						"header": [],
						"url": {
							"raw": "{{URL}}/Regional.php?filter=&sortOrder=asc&pageNumber=0&pageSize=25",
							"host": [
								"{{URL}}"
							],
							"path": [
								"Regional.php"
							],
							"query": [
								{
									"key": "filter",
									"value": ""
								},
								{
									"key": "sortOrder",
									"value": "asc"
								},
								{
									"key": "pageNumber",
									"value": "0"
								},
								{
									"key": "pageSize",
									"value": "25"
								}
							]
						}
					},
					"response": []
				},
				{
					"name": "Consultar",
					"request": {
						"auth": {
							"type": "bearer",
							"bearer": [
								{
									"key": "token",
									"value": "{{TOKEN}}",
									"type": "string"
								}
							]
						},
						"method": "GET",
						"header": [],
						"url": {
							"raw": "{{URL}}/Regional.php?id=1",
							"host": [
								"{{URL}}"
							],
							"path": [
								"Regional.php"
							],
							"query": [
								{
									"key": "id",
									"value": "1"
								}
							]
						}
					},
					"response": []
				},
				{
					"name": "Actualizar",
					"request": {
						"auth": {
							"type": "bearer",
							"bearer": [
								{
									"key": "token",
									"value": "{{TOKEN}}",
									"type": "string"
								}
							]
						},
						"method": "PUT",
						"header": [],
						"body": {
							"mode": "raw",
							"raw": "{\r\n    \"id\": 2,\r\n    \"name\": \"prueba3\"\r\n}",
							"options": {
								"raw": {
									"language": "json"
								}
							}
						},
						"url": {
							"raw": "{{URL}}/Regional.php",
							"host": [
								"{{URL}}"
							],
							"path": [
								"Regional.php"
							]
						}
					},
					"response": []
				},
				{
					"name": "Eliminar",
					"request": {
						"auth": {
							"type": "bearer",
							"bearer": [
								{
									"key": "token",
									"value": "{{TOKEN}}",
									"type": "string"
								}
							]
						},
						"method": "DELETE",
						"header": [],
						"url": {
							"raw": "{{URL}}/Regional.php?id=2",
							"host": [
								"{{URL}}"
							],
							"path": [
								"Regional.php"
							],
							"query": [
								{
									"key": "id",
									"value": "2"
								}
							]
						}
					},
					"response": []
				},
				{
					"name": "Insertar",
					"request": {
						"auth": {
							"type": "bearer",
							"bearer": [
								{
									"key": "token",
									"value": "{{TOKEN}}",
									"type": "string"
								}
							]
						},
						"method": "POST",
						"header": [],
						"body": {
							"mode": "raw",
							"raw": "{\r\n    \"name\": \"Regional de prueba\"\r\n}",
							"options": {
								"raw": {
									"language": "json"
								}
							}
						},
						"url": {
							"raw": "{{URL}}/Regional.php",
							"host": [
								"{{URL}}"
							],
							"path": [
								"Regional.php"
							]
						}
					},
					"response": []
				}
			],
			"event": [
				{
					"listen": "prerequest",
					"script": {
						"id": "00d46d34-ad56-42c8-80c0-622bc65aa3c0",
						"type": "text/javascript",
						"exec": [
							""
						]
					}
				},
				{
					"listen": "test",
					"script": {
						"id": "951d2d92-0a80-456e-8d46-3b8281f82443",
						"type": "text/javascript",
						"exec": [
							""
						]
					}
				}
			],
			"protocolProfileBehavior": {}
		},
		{
			"name": "Enb",
			"item": [
				{
					"name": "Listar",
					"request": {
						"auth": {
							"type": "bearer",
							"bearer": [
								{
									"key": "token",
									"value": "{{TOKEN}}",
									"type": "string"
								}
							]
						},
						"method": "GET",
						"header": [],
						"url": {
							"raw": "{{URL}}/Enb.php?filter=&sortOrder=asc&pageNumber=0&pageSize=25",
							"host": [
								"{{URL}}"
							],
							"path": [
								"Enb.php"
							],
							"query": [
								{
									"key": "filter",
									"value": ""
								},
								{
									"key": "sortOrder",
									"value": "asc"
								},
								{
									"key": "pageNumber",
									"value": "0"
								},
								{
									"key": "pageSize",
									"value": "25"
								}
							]
						}
					},
					"response": []
				},
				{
					"name": "Consultar",
					"request": {
						"auth": {
							"type": "bearer",
							"bearer": [
								{
									"key": "token",
									"value": "{{TOKEN}}",
									"type": "string"
								}
							]
						},
						"method": "GET",
						"header": [],
						"url": {
							"raw": "{{URL}}/Enb.php?id=2",
							"host": [
								"{{URL}}"
							],
							"path": [
								"Enb.php"
							],
							"query": [
								{
									"key": "id",
									"value": "2"
								}
							]
						}
					},
					"response": []
				},
				{
					"name": "Actualizar",
					"request": {
						"auth": {
							"type": "bearer",
							"bearer": [
								{
									"key": "token",
									"value": "{{TOKEN}}",
									"type": "string"
								}
							]
						},
						"method": "PUT",
						"header": [],
						"body": {
							"mode": "raw",
							"raw": "{\r\n    \"id\": 2,\r\n    \"name\": \"Enb de prueba 2\",\r\n    \"code\": \"2556571\",\r\n    \"address\": \"CL 59 sur # 60 - 191\",\r\n    \"city\": {\r\n        \"id\": 1,\r\n        \"name\": \"\",\r\n        \"regional\": {\r\n            \"id\": 1,\r\n            \"name\": \"\"\r\n        }\r\n    },\r\n    \"keys\": \"llaves1\",\r\n    \"requestEng\": \"Jhon Gonzales1\",\r\n    \"requestDate\": \"2020-12-02\",\r\n    \"executeEng\": \"Leandro Baena1\",\r\n    \"executeDate\": \"2020-12-04\",\r\n    \"reason\": \"prueba1\",\r\n    \"tecObservations\": \"prueba de la aplicación1\",\r\n    \"logObservations\": \"Prueba con Postman y con la app1\"\r\n}",
							"options": {
								"raw": {
									"language": "json"
								}
							}
						},
						"url": {
							"raw": "{{URL}}/Enb.php",
							"host": [
								"{{URL}}"
							],
							"path": [
								"Enb.php"
							]
						}
					},
					"response": []
				},
				{
					"name": "Eliminar",
					"request": {
						"auth": {
							"type": "bearer",
							"bearer": [
								{
									"key": "token",
									"value": "{{TOKEN}}",
									"type": "string"
								}
							]
						},
						"method": "DELETE",
						"header": [],
						"url": {
							"raw": "{{URL}}/Enb.php?id=3",
							"host": [
								"{{URL}}"
							],
							"path": [
								"Enb.php"
							],
							"query": [
								{
									"key": "id",
									"value": "3"
								}
							]
						}
					},
					"response": []
				},
				{
					"name": "Insertar",
					"request": {
						"auth": {
							"type": "bearer",
							"bearer": [
								{
									"key": "token",
									"value": "{{TOKEN}}",
									"type": "string"
								}
							]
						},
						"method": "POST",
						"header": [],
						"body": {
							"mode": "raw",
							"raw": "{\r\n    \"name\": \"Enb de prueba\",\r\n    \"code\": \"255657\",\r\n    \"address\": \"CL 59 sur # 60 - 19\",\r\n    \"city\": {\r\n        \"id\": 1,\r\n        \"name\": \"\",\r\n        \"regional\": {\r\n            \"id\": 1,\r\n            \"name\": \"\"\r\n        }\r\n    },\r\n    \"keys\": \"llaves\",\r\n    \"requestEng\": \"Jhon Gonzales\",\r\n    \"requestDate\": \"2020-12-01\",\r\n    \"executeEng\": \"Leandro Baena\",\r\n    \"executeDate\": \"2020-12-03\",\r\n    \"reason\": \"prueba\",\r\n    \"tecObservations\": \"prueba de la aplicación\",\r\n    \"logObservations\": \"Prueba con Postman y con la app\"\r\n}",
							"options": {
								"raw": {
									"language": "json"
								}
							}
						},
						"url": {
							"raw": "{{URL}}/Enb.php",
							"host": [
								"{{URL}}"
							],
							"path": [
								"Enb.php"
							]
						}
					},
					"response": []
				}
			],
			"event": [
				{
					"listen": "prerequest",
					"script": {
						"id": "9306abfd-be23-444f-a6f0-653fafcba768",
						"type": "text/javascript",
						"exec": [
							""
						]
					}
				},
				{
					"listen": "test",
					"script": {
						"id": "d6b84b04-bd10-4d0e-8582-52c76b243be8",
						"type": "text/javascript",
						"exec": [
							""
						]
					}
				}
			],
			"protocolProfileBehavior": {}
		},
		{
			"name": "Sector",
			"item": [
				{
					"name": "Listar",
					"request": {
						"auth": {
							"type": "bearer",
							"bearer": [
								{
									"key": "token",
									"value": "{{TOKEN}}",
									"type": "string"
								}
							]
						},
						"method": "GET",
						"header": [],
						"url": {
							"raw": "{{URL}}/Sector.php?filter=&sortOrder=asc&pageNumber=0&pageSize=25",
							"host": [
								"{{URL}}"
							],
							"path": [
								"Sector.php"
							],
							"query": [
								{
									"key": "filter",
									"value": ""
								},
								{
									"key": "sortOrder",
									"value": "asc"
								},
								{
									"key": "pageNumber",
									"value": "0"
								},
								{
									"key": "pageSize",
									"value": "25"
								}
							]
						}
					},
					"response": []
				},
				{
					"name": "Consultar",
					"request": {
						"auth": {
							"type": "bearer",
							"bearer": [
								{
									"key": "token",
									"value": "{{TOKEN}}",
									"type": "string"
								}
							]
						},
						"method": "GET",
						"header": [],
						"url": {
							"raw": "{{URL}}/Sector.php?id=1",
							"host": [
								"{{URL}}"
							],
							"path": [
								"Sector.php"
							],
							"query": [
								{
									"key": "id",
									"value": "1"
								}
							]
						}
					},
					"response": []
				},
				{
					"name": "Actualizar",
					"request": {
						"auth": {
							"type": "bearer",
							"bearer": [
								{
									"key": "token",
									"value": "{{TOKEN}}",
									"type": "string"
								}
							]
						},
						"method": "PUT",
						"header": [],
						"body": {
							"mode": "raw",
							"raw": "{\r\n    \"id\": 5,\r\n    \"enb\": {\r\n        \"id\": 1\r\n    },\r\n    \"name\": \"Sector de prueba 2\",\r\n    \"type\": false,\r\n    \"altitudeBefore\": 10,\r\n    \"azimuthBefore\": 20,\r\n    \"electricTiltBefore\": 30,\r\n    \"mechanicalTiltBefore\": 40,\r\n    \"altitudeAfter\": 50,\r\n    \"azimuthAfter\": 60,\r\n    \"electricTiltAfter\": 70,\r\n    \"mechanicalTiltAfter\": 80,\r\n    \"aerial\": {\r\n        \"id\": 1,\r\n        \"name\": \"\"\r\n    },\r\n    \"gnetTrack\": \"imagen10\",\r\n    \"orientationBefore\": \"imagen20\",\r\n    \"orientationEarthBefore\": \"imagen30\",\r\n    \"orientationAfter\": \"imagen40\",\r\n    \"orientationEarthAfter\": \"imagen50\",\r\n    \"latitude\": 1.230123,\r\n    \"longitude\": 4.560456\r\n}",
							"options": {
								"raw": {
									"language": "json"
								}
							}
						},
						"url": {
							"raw": "{{URL}}/Sector.php",
							"host": [
								"{{URL}}"
							],
							"path": [
								"Sector.php"
							]
						}
					},
					"response": []
				},
				{
					"name": "Eliminar",
					"request": {
						"auth": {
							"type": "bearer",
							"bearer": [
								{
									"key": "token",
									"value": "{{TOKEN}}",
									"type": "string"
								}
							]
						},
						"method": "DELETE",
						"header": [],
						"url": {
							"raw": "{{URL}}/Sector.php?id=6",
							"host": [
								"{{URL}}"
							],
							"path": [
								"Sector.php"
							],
							"query": [
								{
									"key": "id",
									"value": "6"
								}
							]
						}
					},
					"response": []
				},
				{
					"name": "Insertar",
					"request": {
						"auth": {
							"type": "bearer",
							"bearer": [
								{
									"key": "token",
									"value": "{{TOKEN}}",
									"type": "string"
								}
							]
						},
						"method": "POST",
						"header": [],
						"body": {
							"mode": "raw",
							"raw": "{\r\n    \"enb\": {\r\n        \"id\": 1\r\n    },\r\n    \"name\": \"Sector de prueba\",\r\n    \"type\": true,\r\n    \"altitudeBefore\": 1,\r\n    \"azimuthBefore\": 2,\r\n    \"electricTiltBefore\": 3,\r\n    \"mechanicalTiltBefore\": 4,\r\n    \"altitudeAfter\": 5,\r\n    \"azimuthAfter\": 6,\r\n    \"electricTiltAfter\": 7,\r\n    \"mechanicalTiltAfter\": 8,\r\n    \"aerial\": {\r\n        \"id\": 1,\r\n        \"name\": \"\"\r\n    },\r\n    \"gnetTrack\": \"imagen1\",\r\n    \"orientationBefore\": \"imagen2\",\r\n    \"orientationEarthBefore\": \"imagen3\",\r\n    \"orientationAfter\": \"imagen4\",\r\n    \"orientationEarthAfter\": \"imagen5\",\r\n    \"latitude\": 1.23,\r\n    \"longitude\": 4.56\r\n}",
							"options": {
								"raw": {
									"language": "json"
								}
							}
						},
						"url": {
							"raw": "{{URL}}/Sector.php",
							"host": [
								"{{URL}}"
							],
							"path": [
								"Sector.php"
							]
						}
					},
					"response": []
				}
			],
			"event": [
				{
					"listen": "prerequest",
					"script": {
						"id": "0287da70-3206-47d0-9f99-630ebed4fad8",
						"type": "text/javascript",
						"exec": [
							""
						]
					}
				},
				{
					"listen": "test",
					"script": {
						"id": "ab58b7aa-c32c-49fe-9e01-fc4a52473aae",
						"type": "text/javascript",
						"exec": [
							""
						]
					}
				}
			],
			"protocolProfileBehavior": {}
		}
	],
	"event": [
		{
			"listen": "prerequest",
			"script": {
				"id": "d5384028-991f-435a-b985-ff358a2735c2",
				"type": "text/javascript",
				"exec": [
					""
				]
			}
		},
		{
			"listen": "test",
			"script": {
				"id": "d864c9bf-ae05-4373-9eb4-a9720b90ae73",
				"type": "text/javascript",
				"exec": [
					""
				]
			}
		}
	],
	"variable": [
		{
			"id": "e8e13839-0599-4253-846f-d5c9d0c19fa0",
			"key": "URL",
			"value": "http://localhost/leandrobaena_com/antenas"
		}
	],
	"protocolProfileBehavior": {}
}